Size_sqft,Num_Bedrooms,Num_Bathrooms,Location_Score,Year_Built,Price
1660,4,3,9.851693254436999,1966,181707.95982363154
2094,3,3,2.266403752438826,1992,160637.2967079042
1930,5,2,2.81814101562241,1990,180169.0605933859
1895,3,3,2.658023553142235,1991,172371.6172264282
2438,3,2,9.045907390070834,1999,224321.41030389487
2969,2,3,6.8886329709246565,1989,223649.38964823788
1266,2,2,2.3689385490004558,1988,101240.65617804878
2038,3,1,4.962910765315141,1972,131024.79020216124
1130,4,2,6.5376822256282185,2001,121076.22331131286
2282,2,2,1.7511767649044496,1996,180455.71616389378
2935,4,3,8.94174731566605,2012,223617.65676579217
930,3,2,8.232431818973817,2018,119194.79944623746
2485,3,1,5.5468609621897444,1992,202853.39904170006
1569,5,1,9.704139537332534,1997,184316.39717462315
2315,2,3,4.759848813475897,1983,190269.92013246485
2015,3,1,9.85699287132848,1989,191577.38962570255
1755,5,2,7.011279989232643,2010,207350.13800657654
1984,2,1,6.712041459285473,1999,161591.61659490064
1259,3,3,2.493594057662065,2016,135469.686225583
821,3,2,8.937349824741796,2011,117473.05114283388
1547,2,3,4.847407191285536,2007,149582.03059009975
1274,2,2,2.460100652042314,1982,99758.61179037314
1882,2,1,1.1134676797818313,1965,113870.75037919846
2847,3,3,6.037801152745443,1997,234159.85848343428
1775,3,3,5.746596599104087,1959,175407.33363641088
2606,5,2,7.474182601322427,1987,253197.5453428041
989,4,3,9.01232247716022,1968,174160.56016809412
1362,2,2,1.7146592617872658,1985,120433.02372931797
2699,3,2,7.583468413063261,2008,189360.65791176562
2067,3,2,2.68670749687824,2012,186898.75222863664
2328,2,2,8.723593478414475,1995,204787.4824520678
1446,4,1,8.371571624754905,1952,142369.95677247999
2868,2,2,5.867143794869899,2014,216569.35630779123
2097,4,3,7.392185187609804,1957,180451.9398236081
1400,3,1,3.8291510186537354,2000,132925.2068949148
2861,4,3,5.240511090395332,1955,203508.50483586517
1041,5,1,8.394732079394245,1988,135200.38426517165
2841,3,2,5.133386774558925,2009,220765.8708108025
2163,5,1,4.220184387928976,1977,197544.22308453827
2939,2,1,5.447912025252699,2003,203871.11301777067
2190,2,3,8.454243271934965,1986,184578.68680935525
2278,2,3,4.016872426337855,1958,136561.3677064344
1575,4,2,2.5638543382216943,2005,140433.95519633807
834,3,1,7.408126182977027,2008,122042.90706725307
2755,2,1,8.433803914372735,1951,194767.54298282895
2385,2,1,1.9057373067118,2010,153940.01741714272
1821,3,2,3.1588670148035023,2007,146260.0730552487
1929,2,2,2.277747907848945,2009,135413.14627192324
2300,5,2,4.131472704239499,1989,197195.52437059468
1502,3,2,5.053158810148714,1985,136275.37531845667
2379,3,2,7.739437032669758,1986,219396.52846782794
961,3,3,6.860328263935067,1967,94455.35859391934
1001,5,1,6.588357107305881,2012,130504.14674696325
2781,3,1,4.171374519486889,1971,178453.02924467606
1795,5,1,8.57302797776284,1960,186401.79888933033
1615,3,1,5.241584506583481,2007,143315.0943211643
1255,4,1,9.81194444213639,2006,181242.61873392336
2075,2,1,6.707279244661631,1953,186353.5269477751
1816,4,1,2.1363826740805245,1956,129985.6615368454
1137,2,1,7.085598058678906,2010,117785.49126889899
1678,5,3,3.925936138885291,2003,175274.2469482918
1876,4,1,7.1769447701748765,2017,163917.51762581433
1591,3,3,1.6267703334616517,1950,140609.5822078726
1563,2,2,2.5739329345836346,2004,119327.054141444
1179,2,1,8.701635330152076,1952,106143.65389174571
1292,4,2,3.044616013211634,1987,125829.55550206003
1980,5,2,8.53337012718646,1950,183201.73204482257
2862,4,2,3.5134847960896938,1987,226417.12642173728
864,5,3,6.785937190528369,1978,171953.07477934688
2167,5,2,7.247355161588479,1954,205159.06641636047
1952,2,2,5.613892778305477,1970,155838.61541232653
2827,4,2,3.7477960902705814,2016,215475.50195446567
2295,4,1,2.913799387339865,1996,191152.50737077405
1962,5,1,1.298704191061836,1984,174904.00600926694
2322,4,3,3.7355176111665145,2017,193242.7845276091
1191,3,3,6.878465114781547,2018,148031.17448459408
2498,3,1,9.444743366036343,1950,211413.4129378379
1218,4,3,8.840840340367468,2017,148238.88985357631
1178,4,1,7.8945829888177235,1961,157162.03850539547
2596,5,2,8.096026089279688,2009,258702.60881480688
2888,3,2,6.984864131283957,1976,235899.80222901164
2982,3,3,3.342581718094027,2005,196128.99991625184
1000,2,1,9.16475527635247,1972,87973.76955047924
2663,5,1,7.036590807152506,1974,230863.7341385315
1579,2,3,6.04396567882396,1970,133266.9866596885
1302,3,1,1.9989052229213295,2010,114901.52642645144
2551,5,2,5.023499894257829,2012,238394.73027140237
1604,4,3,5.143224440817336,2001,154661.79455811053
2946,5,3,8.78107248570403,1974,251442.04258238577
2695,4,1,5.919833981690096,2004,213400.01449727523
2370,4,3,4.423604940733687,1995,179155.38010393496
1760,5,1,9.791202956595933,1981,178188.17184289155
2285,4,1,1.9964853399368412,2004,169505.28925595325
1828,2,1,4.802935854807501,1954,130807.85624177124
1302,3,1,1.3782220765426476,1985,114117.22668970162
1197,4,1,7.659137086902373,1998,183935.37965110087
1670,2,3,9.262688969792356,2007,170500.51994023364
1192,4,2,3.5203359659544047,1988,114876.0006392019
1006,3,2,8.725075091192089,2010,157698.98077732392
1838,2,3,3.62996407415708,1958,120517.54324098208
2681,3,3,9.196931454795237,1955,203201.03470853958
2284,3,2,7.785657132371055,1984,184101.73408213942
1663,2,2,8.244160991572947,1988,150427.50415007037
1363,2,2,1.1620590004040905,1971,93274.20395426232
1820,2,2,9.665293213666233,1990,169353.7812019858
895,5,2,7.540038928632909,1954,143471.32318435973
2723,2,1,3.7427598584751998,1991,194498.19232150307
2557,2,3,8.464551983729622,2016,211640.58402630483
2478,2,1,3.5336907857343696,1979,155539.26021324532
1340,2,2,8.85478455609515,2006,158593.60357706694
1859,4,2,2.013223513707433,1978,140050.3854325852
1983,5,2,7.333173797147162,1986,171426.82780042596
2522,3,1,5.866286289804193,1962,204220.77171758912
2619,2,1,1.8688102317589674,1981,180021.8498309594
2397,4,2,3.177044454329551,1995,174850.74638858615
1595,4,1,1.111636326495833,1972,121021.69882516528
1851,4,1,5.218911689180553,1994,148790.64526595382
2443,3,2,3.711387346840003,1966,183706.29999767704
2163,2,1,6.38521735867983,2015,192056.82616392037
2781,5,3,3.675140269377555,1955,231968.9283258146
2154,5,3,3.699272003562862,1967,206932.22965655982
2463,4,3,7.6887387885844305,1971,229489.61891828733
2329,3,3,1.4332855238051811,1982,170314.64039063948
2838,3,2,9.126054956727884,1979,243180.38135230914
2296,3,2,8.670374869520632,1981,208927.33279129514
2208,5,2,7.0102421490376585,1991,227642.89647248533
2200,4,3,6.338994130966459,1959,189201.73653740593
2106,2,3,9.03072248325687,1985,161381.93782310354
1772,5,1,2.66797161575843,1983,170418.6233018883
2568,4,1,1.7107224597174575,1977,184400.15510767815
2082,4,3,3.155591529185843,1960,169937.26614111068
1509,2,3,8.151204508301714,1988,149903.7303568962
2279,2,3,1.31203240053835,1996,196930.45689122347
2234,2,3,6.245261515751407,1968,168593.38779074297
1448,3,1,9.95893764572179,1964,140295.13862621394
1117,2,3,8.701264844537855,1977,136835.58772508954
2057,4,1,5.693011201392305,1973,190822.41917655594
1483,2,3,1.572768183579781,1958,150489.87071583734
1463,4,3,8.482361629471388,1996,183522.2825982005
2798,5,3,6.390806573594895,1982,219497.90170828303
2431,3,1,2.0343969735361016,2011,196884.9489284475
2295,5,1,1.844715563410206,1968,174981.54733089457
1936,5,2,9.186641374929332,2016,193267.5653962221
2653,4,3,7.022802366442706,1989,208973.1249757232
2320,5,2,8.4635811938508,1996,231962.83675928586
1363,4,2,8.910810102540406,2014,169186.49130549823
2091,2,1,6.1459511684349,1978,162755.88649636225
2436,2,1,5.657017165795372,1999,193782.63261505583
1498,4,2,4.873846692888912,1962,134936.9145917999
2960,2,3,3.8525192901200738,1950,221254.9158747051
801,3,1,4.911363647728406,1983,89619.45839673668
1441,5,3,7.964916901571407,1997,212534.6951165424
2389,3,3,6.417310879136184,1997,208717.63963557803
1654,5,2,9.032709609593615,1998,175359.9701013224
2559,2,2,4.99042012941269,2013,155320.82939725625
2461,3,2,6.463806208468786,2010,210002.9018765291
1953,2,2,6.681767977827898,1978,154746.13574928674
1876,5,1,6.32527446075693,1988,176392.88688595712
2507,4,1,7.323703957769647,1975,215461.45992645985
2495,4,2,3.1369012153732565,1966,203690.71347062613
2533,3,1,5.611273997912116,1962,203762.02509959994
2239,2,2,1.938023225275129,2018,137317.4965006316
1635,2,3,4.460601948803313,1975,161441.4309883854
1002,3,3,5.38900361759138,1998,116659.33804543465
922,4,3,6.870018335909252,2016,106706.34265832286
1200,5,2,9.55477947327583,1956,147197.29216347847
1566,3,3,6.405859598935203,2007,162799.67437666448
1093,5,1,7.692345245589038,1998,132729.51253672809
997,4,3,5.556394535456825,2002,135011.30563964345
2730,2,3,6.706936282386982,2014,215008.46872487257
2991,4,3,1.638389945203961,2011,214621.16867938053
1408,3,1,3.289524227576623,1966,110532.30607003235
1947,2,2,4.256677838846248,1992,130572.94824940785
986,3,1,5.252440195058622,1974,107791.3580985231
2594,3,2,1.4108387095214536,1952,142479.83273383626
1459,4,2,2.2602168779798593,1978,123261.11376410798
2755,3,3,3.491328770121752,1981,187889.88221469734
2169,4,2,9.743794218109455,1975,202578.31831791357
2786,2,1,3.9821230639274567,1965,177010.66832999824
2334,4,1,5.338369523008743,1974,199691.1977315499
946,2,2,2.764879414645536,2003,116676.55623197167
2534,4,3,6.497020639681915,1977,198618.42059485504
2643,5,3,3.5261489396437686,2005,248673.2340772693
1288,5,1,2.8629332059458408,2014,122925.23203690774
2759,3,3,5.649153656013811,1990,216283.6700239154
2463,4,2,1.0495521924437874,2000,187560.7057994437
1440,4,2,1.0689762938430278,1978,163313.62275795275
2602,2,1,2.9716192819167198,1968,158123.86134314365
2769,3,2,1.3304922625073903,2015,161151.39111786615
2998,4,1,1.9722317871762223,1990,225616.8509887758
2238,3,2,4.049745844048765,1994,160548.1258383123
2434,5,1,8.223271116218315,1964,208292.52687245767
1062,4,3,6.148437790323707,1952,120775.9441427259
2587,4,2,5.614009533607748,1960,199539.49107230495
2991,3,2,3.6413994088730948,2002,196851.12400128387
1423,4,1,9.385783474895348,1995,172225.5446218983
1816,3,1,4.573135371134725,1979,147277.55130150332
1680,4,2,1.7838349011619434,2006,134803.34709658954
2849,2,1,6.5535986450602115,1967,211356.07287518497
2127,3,2,2.0245455412894127,2000,161797.67896656605
1252,4,3,4.107008285215229,1997,113644.31766941532
1983,5,1,5.56670744846028,2015,196779.08695356591
2856,4,2,8.868002722166583,1957,237113.03186862243
2482,5,3,5.441919223061068,1971,237770.58342917848
1954,5,3,7.3203288942849785,1955,200160.40586656457
1203,2,2,9.935351550991633,2006,130051.11749644425
2999,3,1,2.1834020790818345,1985,190802.5803958816
2901,4,2,3.4725837296756756,2006,226571.7086115892
2496,2,3,4.551184680378817,1998,174294.86750638115
1427,4,2,4.796453606849482,1994,139627.81622763403
1386,5,1,4.699189677389912,2015,145470.61968696353
2448,3,3,9.168499023008994,1994,198901.92096180687
2243,4,2,7.426293800201708,1969,186336.61763157992
2245,4,1,6.471146926816334,2013,192993.9875111445
903,5,3,3.784354460765039,2016,152208.9385186203
1053,4,1,8.414113457991652,1952,139177.7720606154
2296,4,3,9.5955446033649,2003,220889.80412628918
898,5,2,8.390784542952039,2013,137184.86110547552
2684,2,1,1.0140859467232561,1989,179097.83590941975
2719,5,3,6.727612331650663,2008,245390.64415745594
1677,2,1,1.4602184329789065,2004,105450.14571210594
1137,3,1,3.318464983003497,2011,122522.05179529099
1756,2,2,1.5357223031299452,1953,130672.26743830674
2504,2,1,6.43415907654449,2009,170567.84014222893
960,3,3,7.179309221433461,1979,128775.87226320432
2403,2,3,2.030388742593146,1951,156510.35278932168
1197,5,3,4.454549947404815,2011,191225.81883749814
2100,2,3,5.106128580599878,1998,176806.81614988428
1615,3,2,4.321477195848249,1958,142458.81680196486
2327,5,1,2.0892250043667375,1980,186386.0708629844
2719,3,2,4.770530111687279,2010,222990.08938139887
2215,3,1,7.760602430275763,1997,182502.30998480183
1958,4,1,1.639068980799299,1974,139146.70543601015
2018,4,1,1.7216201267371312,1985,165172.34905514691
1200,3,2,4.192941626523858,1957,115540.5396425996
1439,3,1,9.475531404570326,2007,138479.2270866441
1259,3,2,7.017153820506227,1994,119965.47262619025
1754,4,3,7.108029610053083,2011,205779.59631285843
1269,4,3,4.257279917540785,1988,144011.0680914932
1845,2,1,6.342947120876846,2007,140321.2248444982
2493,2,2,1.0911806562496904,2013,159390.8796156175
2885,3,3,6.72486441768588,1993,237785.9928585547
1362,5,2,9.21958252818613,1978,169096.82990329998
2599,5,2,6.513161215103373,2008,203074.51013785557
2874,4,1,8.863287341197106,1958,233204.0494882044
1025,4,3,7.515757499194844,1955,160954.00475957766
1597,4,1,2.085025747633212,1978,149697.09350774984
1759,3,1,9.122079765572575,2007,160370.44975580418
2304,5,3,1.597994599201974,1966,207327.56284288556
1252,2,3,5.805707252929874,1965,129822.78586972371
1615,3,2,2.279234114141119,1952,147463.38072888652
1458,2,3,1.1053594965781366,1970,122532.10293292899
1346,2,2,4.798308341148751,2013,101267.58906625371
2015,3,2,3.6553663688874063,1985,185227.9159070622
816,2,2,5.374004444178427,2011,101046.77998887644
2043,5,3,6.194798980610957,1991,209375.90226176204
1869,2,1,1.393651650780526,1991,103857.58882682497
2946,5,2,2.1070296561137107,2010,227915.04578173955
2568,5,1,6.027781568053828,1962,225782.82383140904
1860,5,1,4.088506178553924,1960,192972.3359417457
1101,4,3,7.562561387945032,2003,172668.8038616544
980,2,1,6.8706248373274565,1965,112666.49474582788
1406,3,1,8.610439266909161,1957,120386.53603432
1499,3,3,7.2324354400230275,2008,162396.26905757646
1792,2,2,4.869379696511333,2006,137159.2550043627
1939,4,1,7.056699601549892,1989,179158.16612999316
990,4,3,3.4784305682987666,2008,107947.26534956734
1780,5,1,3.756821489003914,1951,154231.60382814103
2806,2,1,8.10086643928714,1959,193446.5859393447
1984,2,2,5.01777564761424,1993,146866.3828985325
927,3,1,8.185423064665173,1960,109703.57253345856
2865,2,3,8.401801363014506,1951,216821.18606924886
2616,4,1,8.718061038951554,1999,223083.2265804781
2558,2,2,9.249717122570866,1961,164271.18179478258
1369,3,2,4.878866984619666,1972,95897.84207803037
2146,5,3,3.8698013648902494,1967,186768.6367256231
2695,3,2,6.2397887193470245,2011,205582.40792615092
1425,3,1,4.340551810938648,2011,131389.42730375237
2486,5,2,6.4096675012020965,1987,205633.25218316712
954,3,3,7.350272763794422,2016,134693.34172931232
2209,3,2,7.195645166429232,1987,188526.07390741698
1584,2,2,4.370975983181092,2016,123136.50846292338
1045,2,2,2.501741815288775,2010,112460.54640256039
2300,5,3,4.874764046159868,1950,205528.61490262527
2505,2,2,2.283347296737179,1994,175771.15291563526
1337,2,2,9.010873316654274,1977,142137.05255252915
2690,3,1,4.112897146640717,1970,218119.5822791294
2641,4,3,2.390137725009914,1962,207646.64466181438
1720,2,2,1.229029839151758,1976,113925.2494526504
1324,4,3,6.8124014765783585,1956,166676.51064841778
2329,2,2,6.732120857092689,1971,154146.5305236134
835,2,2,4.065437499231625,2002,95571.19143616468
1484,5,2,1.6454069996288592,1953,144014.43934952415
819,5,1,4.686660054057088,1972,118048.61170146591
1199,5,1,3.800957455570542,2019,130348.1042152694
1771,4,1,7.094085757615084,1982,151536.3284355202
2706,3,3,6.452013245074213,1977,201919.86104460663
1966,2,3,4.28134355377786,1957,155437.84151260005
1915,2,1,2.961032988294911,1950,113352.37645505468
1633,2,3,9.892323695400327,1986,194764.13271171073
2623,4,2,5.086014590765034,2012,169666.60776366957
2782,5,2,7.194468122022133,1971,228820.77259694162
1653,3,2,2.264976708205247,2019,139030.7281276417
850,4,1,5.37030729693458,1970,118462.85040217223
1374,5,3,1.2478304788251893,1984,128100.28148518952
1948,4,1,5.549096061194049,1954,182059.90221429343
2997,3,3,9.67615666405932,2009,226723.31766310276
2515,5,2,4.457860416872202,1995,200547.37325524748
1481,4,1,1.3509641131742043,1999,134516.03389506237
1637,3,3,1.2786021182740916,1997,152045.83906326175
1877,2,3,4.4918808395218255,1955,129249.38475189268
2395,3,2,2.4402244281687464,2005,213626.6739970711
804,2,1,1.2101688669536732,2008,58088.47088726022
1926,4,1,7.805922525551591,1978,157946.8754648412
2019,5,1,5.126707079937016,1967,185324.25877628394
1573,5,2,3.603202947753891,1951,148041.6129350476
1676,4,1,9.100748647148327,1957,162062.95854764545
1791,5,2,2.0452506418047305,2003,170510.91407256943
846,5,2,9.603269460597874,1987,127606.91194657222
1068,2,2,3.8257004563961754,1997,78196.48628236035
1169,4,3,8.995633050778132,1976,150566.81477674222
1435,3,1,6.426485888315154,1969,151450.95553337564
1929,2,1,8.440366237673388,1961,150941.00178717516
2493,4,2,9.856118468894179,1992,248617.9426124001
2482,2,2,3.5956489403687115,2010,192593.4661194219
1456,3,1,9.650219368668337,1980,157795.28961095397
919,3,2,4.505337054121783,2010,116072.54316123026
1630,4,1,4.4696071426323005,2016,154178.07508841436
2610,3,3,4.063483938290551,1984,200113.18562168427
1881,2,2,5.872668466128267,1964,145819.71686846865
2774,3,1,2.387305388606384,1965,177883.7094449245
2169,2,2,5.983403368222101,1962,150017.6144922218
1540,2,1,5.875343311690036,1984,96126.0747190975
916,3,1,7.85711631344383,2008,136946.6407064499
2653,4,2,8.50284965743827,1970,226023.12483897083
1950,5,3,4.963972152811817,2003,191213.0310983859
2731,3,1,3.7209992441634436,1979,193531.7330636854
1812,2,1,3.33401407585385,1997,119044.10855736451
2464,2,1,2.7516145303438475,1984,144842.13945095273
1881,3,3,1.5188282397912238,1987,144588.87079378383
1433,4,3,4.08203180951242,1980,169081.63627401929
1312,4,2,3.4322292291770493,1973,114030.03071848836
1919,2,3,9.697756472797666,1998,143332.80201186586
1941,2,2,6.019379436250396,1981,148925.8808039707
1359,4,2,4.125493351274568,2004,157617.96549990057
1287,5,3,6.224208408943264,2007,138682.881679401
1696,3,2,2.2527703121112594,1952,115059.59750321323
2012,2,3,4.996393742819826,2018,169835.16982277168
1503,2,2,6.636108892789575,1959,174279.1499960779
2270,4,3,5.400080486132063,1974,176027.2274027674
1380,3,3,4.616009205888918,2017,121326.03465742519
953,4,2,9.944635500097284,2010,154953.65303307422
2479,3,1,8.922832859340343,1978,218934.2808966073
1796,3,2,6.610653623434961,1968,151791.78743228916
2043,3,3,6.124396250640545,1992,156151.06891137018
1892,2,1,6.585944318421257,2015,160035.95990540145
1808,5,2,2.8118089704018994,2010,176181.66581155412
2941,4,2,4.5562396893788675,1992,247211.02534496805
2573,5,2,1.3551357960180939,1974,204179.88566495467
1757,4,1,5.27991433738144,1969,168070.5628324929
1252,3,3,5.887221255618969,1997,136303.92912007627
2027,2,2,3.0497476249288864,1973,182021.30325718646
1350,5,2,9.676259624489624,1960,167409.16796362106
2435,2,2,9.185091498435177,2004,190396.62567099935
2112,4,2,7.499289119103153,1977,219439.16937329486
2557,2,2,5.800479658888263,2018,168038.83911101017
1156,2,3,8.829722436829165,2012,113937.48641622711
2870,5,3,2.1758710944111663,2008,225472.70934103313
2585,3,2,8.114588148473965,1954,206696.89289323438
2581,2,1,2.1233873257016347,2000,160748.61690524826
2431,3,3,8.147895962944649,1970,222698.42617154802
1815,4,1,3.481908114262213,1961,135136.4478369825
2148,2,3,8.8938152291637,1999,191231.58303018863
1315,5,2,9.49637884442858,1953,164630.30493257008
1135,4,3,2.3391637246460406,1991,112677.54112162895
2582,4,2,5.164080445588541,1987,204192.80096853245
1296,5,3,9.828886403464166,1974,192633.36906674737
1695,2,2,5.35066692375832,1963,171111.8564252491
1651,2,2,8.771927702630906,1981,164700.92325663907
2487,4,2,6.298583699181878,1960,165680.39347488762
2731,2,2,4.377969171276417,2010,190367.74457475735
2368,3,1,3.5720519997328317,1967,168207.30186220663
1756,5,2,2.8290078197747857,1976,175088.17424257318
2436,3,1,7.856183722399275,2004,198753.07314934247
2091,2,1,4.478864561407251,2003,170540.6565665674
2240,4,2,5.60147915980676,1970,194382.45503326287
1991,5,1,5.430929320010637,1993,203886.6176425215
1866,2,3,6.195511263098181,1954,151596.36751476652
1084,2,2,8.79019431062097,1990,130816.12356255525
811,4,1,9.826654092250864,2008,147382.89349210277
2430,4,2,4.668257877164352,2003,188058.3783314201
1553,3,2,8.447670298956726,1971,146638.15946356748
2882,5,2,7.8807501518924585,2014,236963.46926416203
889,5,1,6.1617605631001595,2013,119820.56855916696
1575,4,3,9.604424292507398,1953,188410.55027566687
2425,3,3,2.804270639755625,2014,157649.23275425978
1217,5,1,1.9833778927865926,1964,98327.33906916436
914,4,2,8.6856577025988,1971,165669.48589835296
1416,2,1,4.952348349703735,1996,108785.29093390601
1625,5,1,8.622719687863544,1995,181363.82120689395
2449,3,1,9.037811846758734,1963,176101.86296530673
2316,3,2,1.562118342571643,1999,166422.45572969734
1212,3,1,8.951182866874547,1969,125970.81431915167
1528,2,2,5.0348714983248,1999,109528.01501921777
1475,5,1,5.59389240103809,1982,174473.26856866112
2692,5,3,6.639332599838892,2008,254835.14890510755
1922,2,1,9.33744346057078,1992,164876.89544214366
2371,5,1,1.1720448498678762,1961,190001.50973950804
1777,2,3,5.291591214860354,1989,181257.34639020916
1808,2,2,7.189498381875046,1969,166058.63090674658
2943,2,2,7.5043626192840565,1987,222067.00918906974
2487,3,1,7.232791883833972,1952,193198.20486641952
836,5,3,2.2099161646730967,1977,128792.04129625407
2348,2,2,3.694560295345131,2005,162414.01057438113
1672,5,1,4.228439728753122,1962,151292.6606063439
2621,3,3,8.239934869115544,2015,229013.04497376544
2096,2,2,3.508838851730977,1986,145336.22120626195
2909,4,2,2.8963446748048285,1998,205744.72828212162
1395,3,3,9.617032171342865,2015,167837.96082623894
2703,4,3,1.07976956602122,1985,214807.96108900214
1528,5,3,9.980387701137804,2003,178111.9822022943
2165,5,3,7.091391689716561,1975,221094.6359891617
1196,3,1,8.456223695042054,1989,147358.0646672623
1498,5,3,3.6515745671157385,1992,172645.05297503082
2435,4,2,1.1288374990035397,1971,163892.99179187536
1195,2,2,7.64082566705377,1969,100963.90410260479
875,2,1,8.507301373006083,1957,114882.01395120175
1064,2,2,7.664285187581672,1978,123634.50770411779
2619,3,2,2.285652585707547,1989,197843.91244998472
1517,5,3,7.7808513003127215,1979,170646.20408142052
1650,4,2,7.920305038968769,2004,185403.30083868926
2190,5,1,6.926864641030494,1965,210950.50488844363
943,5,3,7.895043395160275,1995,153195.57116006114
1684,5,3,8.613292957099588,2011,203120.40733447016
1195,2,1,6.522437028137126,1956,118191.68200354706
2292,4,3,1.7974424257271115,1994,169165.1691931908
1967,4,3,5.388650287004898,2008,192559.7004692936
1862,5,1,1.6988440120444457,2005,180931.69517373742
2956,2,3,4.667887279291877,1997,209672.49541459893
1865,2,1,4.663958402130649,1976,116755.91793087838
2009,4,1,1.5940885972621741,2002,142812.0450226007
1433,2,2,4.139384805725314,1984,95555.48229585215
1956,2,2,1.9989828891218335,2000,158648.83138130014
2038,2,3,8.274116890083,1986,191832.16389533642
1532,3,3,9.529192233680236,2006,165825.4220933839
1034,5,1,1.6508482773214475,1957,88883.34255707319
1550,4,3,9.596036865625313,1969,168380.75995448921
1753,4,1,5.703189394030707,2002,151291.79248469634
2342,3,1,3.696091101584865,1961,167821.5694932252
1997,5,3,1.6917586774854716,1998,177745.18353540305
2476,4,1,5.50561841263376,1966,212549.5716937743
1991,2,2,8.150639900416738,2013,162711.87663661307
2216,4,3,7.363778295400284,1991,182596.0736616925
2017,2,2,1.4520341031757638,1978,120055.49338874445
2340,3,3,1.6561165183111317,1968,170235.20977485814
2876,2,1,4.625859543693734,1960,176499.12671428183
2245,4,3,3.6576144464314897,1999,184557.94404946206
2319,4,2,3.0914589075044305,2007,176796.7908327305
2188,4,1,3.5290404901784225,1983,184698.77925646983
2656,3,3,8.23134468967196,1969,210552.238141975
2165,3,3,9.363052482686685,1999,197805.1312592163
1299,5,3,4.645924250748098,1959,163338.8749711221
2480,4,2,9.154999019192473,1981,210900.26643048122
1310,2,2,3.8934613112309377,2001,122915.49217300994
1016,3,3,5.287932877094125,1964,127111.943315797
2124,4,1,3.0342609803439977,1952,163197.79278613618
1955,4,1,6.7642843795825955,1986,157655.47615731563
2627,3,2,9.81083003657328,1989,239250.76355069547
2610,5,1,6.431437864390408,1989,249367.44627069874
2005,3,2,4.22032675702194,2005,163484.05585912062
890,3,3,6.830357013914755,1972,108656.46196901814
1513,2,2,2.106286106188488,1960,114117.97115581778
2681,2,2,8.997931722388588,2013,226687.56072073293
838,5,3,5.527755557018527,1957,124510.96264935854
972,4,1,5.0441476783567785,2005,116887.25063001104
1452,3,2,6.272783096081673,2009,151473.72752659046
1553,5,2,6.623054765104622,1959,186210.99160861198
2043,2,3,1.6459822560386173,1988,159311.2672765337
1881,3,1,7.143554991010622,1977,174220.79449803705
2483,4,2,3.177385122839766,1998,184942.89726405247
1255,2,3,7.4255736925593085,1985,142906.6527904054
1628,2,2,8.40281314945777,1962,140284.61584041192
1694,2,3,8.235626567972684,1985,175561.0243381416
2184,5,1,5.972508706671002,1975,208330.8381451392
2758,4,1,5.68152903079676,1953,214408.09868557312
2796,3,1,2.2858836520547055,2013,181518.2594583513
989,5,1,7.978115353628221,1987,139484.66984751713
1304,5,2,3.4426844240204293,1971,168111.1652800323
2014,5,2,5.470258805361519,1951,179390.63735745515
2331,2,1,3.5584668363476504,1980,172592.2466934968
1623,4,1,2.2044552669972384,1960,137755.65030826404
1728,5,1,6.666019272025629,1995,168718.0496332305
1733,3,2,1.4889883134061344,2011,116525.2061549893
1940,4,1,7.7378071071358,2018,185163.0412445066
933,3,1,3.85828115735005,2013,103107.91878584209
2905,4,1,1.001212237040368,1959,217754.08125709184
1484,3,3,5.6001622531350685,1989,136697.92083433789
2652,2,1,1.4216671767484281,1973,195929.8647569589
1614,5,3,3.4855260203880953,1993,171609.78804438937
1972,3,3,7.362788387101445,2009,190481.3802538396
879,4,1,1.5642065945967927,2011,88474.95095650051
1002,5,3,8.554046431204021,1966,162690.82676933715
2052,5,1,1.034379303927248,2014,170767.66044313443
2499,4,2,3.2214148228171204,2006,207216.98349139877
2050,3,2,7.668136505368643,2004,168065.84941296407
2482,2,2,3.846431347563761,2002,196133.86957463936
2355,2,2,1.9170314925941216,2005,164756.39031955032
2894,3,3,4.242105269203851,1958,219333.95977562896
2056,5,1,3.4335395774607296,1971,168253.56396473225
2349,5,1,8.584407119444993,1962,197149.89602303918
1966,5,1,3.8201312582662883,1997,172691.52570238078
2196,5,2,8.100392245984064,1967,211311.3944772686
1270,3,2,9.026849303296613,1989,128252.82249476571
1835,5,1,4.904356776188766,1966,179271.06495842073
2153,4,2,9.189488294689529,1964,216445.31098189636
1767,5,1,4.395862485668736,1964,150284.3430710268
1157,2,1,9.676705748410974,2012,116594.74848797351
1467,5,1,1.8036057207301563,1988,131123.60795053627
1172,3,1,7.183173398529185,1962,125574.29344744042
1831,2,1,5.444326364112358,1981,137409.0666718318
1945,3,1,4.488839249100824,1958,149080.4287539424
2171,3,1,6.694406908737408,1989,178744.20000882578
889,2,2,7.334713824708981,1969,88999.53504266047
1339,3,1,1.0392694268527818,2012,89046.91272471493
1668,3,1,2.5025777987247886,1993,88878.72287977679
840,5,2,7.417414455708868,1987,153425.2507053464
1539,4,2,6.997468722203858,2009,164565.748920281
2746,3,2,9.694427546158096,1997,242689.90470276782
2024,3,1,7.849340112257047,1967,154580.63062411436
1728,3,3,9.556954369582042,1965,179550.88194090765
2836,5,3,7.322864513813263,2004,250536.72016081534
1724,4,2,3.6824698777549885,1988,146485.61196632474
2381,2,3,1.9482843002577082,2017,145690.00452428666
1189,5,2,8.03641477010442,2008,188120.14389254947
2417,5,1,6.797342993283243,2011,231425.96508546697
1055,4,3,1.433674111539666,1962,108889.38648181787
1508,4,1,4.240454193108805,1955,144255.68564308816
2638,5,3,9.611198339358575,2009,242084.1315514395
2744,2,1,5.503610311391811,1963,170586.99751158783
809,5,3,4.894562224177342,2003,161131.7336952419
1597,4,1,5.119296446433646,1953,120415.9490110812
1676,2,1,2.8799445160464736,1988,117217.16712566564
1828,4,3,4.318364537783157,1974,170156.6800975493
1815,2,1,4.328319303884589,1981,159760.14519973224
2624,3,1,1.4711951816872517,2008,187304.80572197653
1173,4,1,7.908108656661264,2012,118806.79666479654
2993,4,3,4.7485398871349105,1987,230551.4458201618
1023,5,3,8.39961898134781,2002,162163.99788220445
2062,4,1,8.653132010079059,2016,189040.58502090367
2602,4,1,2.9079464922879223,1977,196136.86907439414
1652,3,3,6.916181339531157,1952,139744.30278131613
862,4,3,5.250536237466836,1971,118823.14249928412
2040,3,1,8.921410641293367,1987,186989.33442966297
1488,3,1,2.941666112588087,2011,134901.96584035005
2284,3,1,7.100318802790398,2006,187042.88611658994
2433,3,2,6.469769100274503,1955,186672.96249686801
2952,2,3,3.6577132981464953,1981,200689.4473863354
1310,5,2,2.2294081328605535,1959,145153.1474999613
1184,2,3,6.8647578442954895,1952,127732.30098335937
1204,4,3,7.647377123190976,2008,142109.17243434695
1317,2,3,3.84064609387015,1998,104850.7667101772
1275,2,3,6.803493436200824,2008,114722.90585946248
2800,4,3,4.556178168503529,1980,241114.60311985796
2468,4,3,7.41886194954356,2018,232906.2372819045
2693,4,3,2.792937474046478,2011,206617.3691225242
2260,2,2,9.01193502372557,2001,182852.78784116657
1513,2,1,3.5866863681902177,1990,108474.48172144072
882,4,1,4.310073889805376,1980,124548.92606276003
1968,5,2,1.522827568723148,1971,193180.64046623686
2701,5,2,2.0036099108914875,1953,192787.15569554432
2848,3,2,5.642757124410953,1962,225390.0184318904
850,4,2,3.4083340905517434,1994,110861.86418314205
1484,3,3,8.51932203167975,1991,161210.17620974174
1516,5,1,1.1322404978945846,1998,158324.41673192178
2269,3,3,4.411846438047426,1969,180756.74637909548
1248,4,1,4.0361099209218345,2003,131826.01619342872
1680,4,1,1.1739486782584092,1985,136593.85238496374
1287,4,2,2.119315591004592,1950,97062.58745513119
2623,2,3,4.722784074267717,1964,193990.0876020795
2881,3,2,5.43578126002702,1966,200888.5259335316
2942,5,3,4.638607725293822,1973,214775.7415242848
2374,5,1,5.778439105708845,2007,195035.13932181278
1049,5,2,6.356185074151134,1972,135050.09232620147
1473,2,2,1.0893143901505207,1995,125544.81003770758
1237,2,1,5.176856435081535,1957,91977.4379338772
2965,4,1,9.671493167988295,2008,230059.75425420265
1570,5,1,5.671290521165939,2008,165687.27651404988
1067,2,2,7.097880407130579,1962,96652.49546533918
2784,4,3,3.8067747212519487,1988,205648.77223277473
1877,5,2,7.965922403374863,1977,167912.460986876
1035,3,3,7.956293336885036,2010,154831.63858450614
1188,4,2,5.69166442888725,1965,131337.87533783345
1562,2,2,9.784124409512922,1951,153381.85437253097
2648,2,1,2.1299519328638805,1966,177889.91446118575
1423,4,3,1.152528984006229,1979,122478.61166522282
2052,4,2,7.931423905813864,1962,185277.31439934924
1377,2,2,8.264399836283943,1962,122027.0791918336
2922,3,1,2.0818650620851864,1992,174331.76949548873
1234,5,1,3.390245496627455,1970,116342.4840730491
2950,3,3,1.1579712702996603,2004,194802.50048899333
1563,4,2,3.639777497025082,1989,140976.95447252944
2129,3,3,7.958276865268044,1964,195470.8665898159
2945,2,2,5.6616447494132105,2001,193789.96952643755
2158,4,3,4.132860338514593,2002,192058.7918313351
1246,5,1,4.345653654156973,2001,145903.2876436333
2817,2,2,1.0121826314392135,1979,168293.58041471208
2131,2,3,3.698204748087123,1982,149670.15515415987
1048,5,1,6.8181286747413745,2006,142866.8288534067
965,5,1,9.767749994347215,2001,148644.9880265794
2158,3,3,8.623547442855095,1958,198623.01465337863
1819,4,2,1.2123546818097621,2003,172359.76995294832
1341,5,2,9.087045442073554,1950,170014.7829367835
1558,5,1,8.048785719687633,1993,162355.47017923617
2928,4,2,8.023385112138824,1958,220453.58138156324
2980,5,2,5.121961831032143,1981,221426.78468533696
1596,5,2,4.582047636590525,1964,138668.7435762858
937,3,1,3.7262415594987335,1961,110072.36192267734
2153,2,3,1.591253730589292,2006,121207.08636260999
2675,2,2,3.0541182714432917,1957,183542.16362300605
868,2,1,3.2194327148022217,1976,68576.20497388265
2900,2,1,5.356693627391814,2011,189697.3899175973
2273,5,3,7.726999659370246,1961,203415.18367368542
1004,4,2,5.26428845558152,2014,151109.41217253805
2973,4,2,1.5206000450244455,1991,207097.7342504089
842,3,3,9.620108208893836,2011,151656.21892011195
2706,3,3,9.48451887184701,1960,246730.49723817513
2958,5,1,8.066705888335676,1992,244384.61155201442
1560,4,1,9.921951114077984,1966,150775.39900756173
2942,4,3,5.900340995202367,1981,229892.06372427524
2794,2,2,9.664915152278855,1989,207290.85555790126
2735,5,1,1.680445365550757,1972,189299.6643994443
1699,5,1,4.291126734352342,2005,159986.27678202238
1159,2,2,3.0284314120608924,1955,98079.82242892051
2519,5,1,2.7624977572084304,1999,200344.12620134643
1080,5,2,2.267226540034085,1986,133795.69710687772
2687,3,2,6.60172277409397,2013,208146.436226473
1466,4,2,8.031896701725746,2003,171311.5172802475
892,5,3,6.204685594783246,1998,135683.0301498846
1471,3,3,2.322664386293887,1960,149385.01931541698
2769,4,3,8.300113929401238,1998,229767.9003237415
860,2,2,6.723592364473556,1970,123075.75909170421
1828,3,2,4.493491355142959,2015,134726.45039913896
2289,3,3,7.067172659824567,2012,193779.75443796013
1403,4,1,3.3391448131854955,1977,124081.05146172339
1481,2,2,4.106729876447894,1966,126868.52630346658
2228,3,1,9.257372588187913,1955,200614.1149892219
1323,5,1,3.6145405510427837,1968,116781.774709321
2768,5,2,5.229894413421429,2005,209929.72643646353
1901,5,2,9.011270236564132,1977,178277.7301670771
2553,2,1,7.369492152407747,2015,210300.223720015
2636,3,1,1.5598290354823248,1987,177263.21931936845
2894,5,3,2.325727398510733,1986,207163.0688656968
1944,2,3,1.0705743169472512,2017,136106.44847539518
1879,5,2,6.678296112062471,1998,206367.90149523475
906,4,3,5.029060828693765,1992,123973.51568880025
847,3,3,2.2084736581204796,1985,95334.54622373481
1136,3,3,9.621407089510933,2007,142387.5848452088
1849,2,3,5.766937515510579,1962,140609.80287027144
2080,2,1,3.1770396470160027,2001,162235.05539172736
2855,3,2,5.505432140392368,2007,237585.68453309275
1424,5,3,7.11658299461597,1981,158604.99893126966
2690,5,1,1.6861529617620803,2009,219404.8997470822
2076,4,1,3.472334335431028,2007,159050.83043280354
2515,5,1,8.262689417955944,2005,230068.16702031303
1102,2,3,5.136983833623951,1977,138138.12624033587
1438,2,3,5.919194278290654,1950,132819.82245589877
855,5,2,4.895344019885224,1991,122907.59129541572
1525,2,3,1.395099483787046,1997,133441.71187575802
1325,3,3,2.4917480183814034,1989,109459.44753636328
1273,3,1,5.009874748677018,2012,141605.29441099154
827,5,2,2.8826691886713505,1953,114705.4868299955
2925,3,3,1.4498112579371085,1987,192032.7986673729
1164,3,3,8.592846976466413,1976,138201.72083259423
1325,4,1,9.830732762477043,1958,134951.72613495972
2135,4,1,8.138285865970655,1965,180398.84683049342
1682,3,3,8.684064295342004,2005,172559.75504679402
1830,5,2,3.1777941728534085,1980,150969.56788859481
1826,4,2,9.645642779618798,1963,186646.23925615894
2446,2,1,2.7723313400808554,1974,165155.41296828672
1718,2,1,9.562868293256491,1983,153312.2594262912
2574,2,3,9.95337364569356,2016,228507.75562625678
2331,5,1,7.405505251714438,1973,193270.42651388212
2706,3,3,9.830293586126396,1975,245502.2093939311
2015,2,2,6.125858016103933,1969,161606.51066714252
2454,5,2,3.335876048584813,2013,225358.2377892452
1284,4,3,4.932962970990587,1959,179478.07453853393
2875,3,1,6.342048418409074,2016,204506.58820749616
1513,4,2,1.6577340582431348,1973,126302.7121376938
1862,5,1,6.601089381555215,1954,172311.8150785453
2776,2,2,9.83060053086065,2016,229988.53640693598
2096,2,3,2.7109688480535485,2007,177444.3937973941
2054,5,3,8.13335604659545,1976,199674.65297043018
2933,2,3,9.171089144016575,1964,233124.10971725397
925,3,2,9.493314335381987,1984,131577.6623290734
1336,5,1,9.641220439649025,2002,178977.73873635396
2992,4,1,5.693136748493248,1993,244507.5491435816
2872,5,1,9.795771171923533,1975,240973.93229812244
2403,3,2,7.81579186420995,1996,175280.9443209438
866,3,2,2.455042926132657,1983,106533.73978386767
1032,5,2,5.29210095821173,1999,126969.92651197687
2956,5,2,7.464980578348036,1961,240578.1668372835
1969,2,2,3.22606284237175,1953,153185.77676493296
2958,3,1,6.765536651939986,1997,220388.60606266654
910,5,2,6.999404311419573,2004,140871.22117380216
2293,5,2,2.464297694277093,1950,174833.26278451065
2881,3,1,6.085767812074806,2015,166980.43235624908
1422,5,2,7.944642198807469,1979,180698.02323038038
2341,2,1,5.490060980823477,1952,160406.02941573094
2105,3,1,1.1089280509849668,1970,164994.6844302607
2561,2,3,1.0813462217136296,1998,177727.1515579962
2775,2,3,4.21326409573011,2011,191299.4398906279
1676,2,3,9.335746615886038,1987,183681.7844050708
2789,2,3,3.058091016432479,1964,206907.39617153525
2112,3,2,6.709273199845184,2001,177460.88878393878
2260,2,3,2.998682836239885,1995,183898.08716479782
2533,2,1,3.8950299069359375,1974,159695.528703889
2405,5,2,8.632378806413357,1970,224306.61057318532
2326,3,3,7.559752980429522,1954,206569.89071792932
2430,3,1,1.8585934958188957,2019,178964.6912393073
1960,4,2,4.858318188877902,1996,182714.41867362786
1558,3,2,1.26252787280738,2017,122422.78165558932
1042,3,3,5.328011319427081,1967,140345.52120750703
1863,4,2,6.9619061053096125,1970,174593.1206799518
1028,3,1,2.066523612383364,1972,84897.20762778891
1719,3,2,3.5999644501824912,2013,138434.7527412125
2046,3,1,4.580529629519413,2016,190402.4740197421
805,3,2,9.275779221904447,1989,115899.14468814306
1267,4,3,9.939295138806676,1959,186821.0040954401
2555,3,1,1.4042016909605426,2001,152339.00801765017
874,3,2,7.849071311458529,2010,132763.93823340544
803,4,2,4.3455165976210886,2013,119133.83476046796
2670,5,2,4.5321236760653205,1954,237379.02157622002
1445,2,1,7.788384760123204,2002,126075.89537308831
917,5,1,9.265837889308678,2004,133119.2261771376
2429,4,1,9.558357350522936,1986,210594.13107740995
2821,2,3,6.194103274344887,2005,235992.5438103312
1746,4,3,4.214090433704525,2008,154408.0749693661
2264,4,1,8.087941772729014,2018,161113.45938058206
993,3,2,3.2590124493607022,2008,109141.57980740276
1646,2,3,6.07666625950166,1951,160526.17506692343
2215,3,1,4.227206153723858,2014,152578.94177902135
2258,2,2,6.909679663370885,2009,192567.3809171534
2468,4,3,3.163590216041562,2000,182179.28630502094
2233,4,2,2.7243365116134317,1979,172473.304522692
1941,5,2,9.264151780078933,1960,212160.99362968552
2610,2,2,1.916233146545832,1988,152569.1847066526
1523,3,2,5.5536211696143845,2012,149340.80582068523
1024,5,3,2.9876750466670803,2013,154162.97790271894
1331,5,3,1.350369669931007,2010,149910.85983782532
912,5,3,1.3241693646228376,2003,110211.45595925266
2987,3,1,2.576995948952446,2007,220215.75503551416
1358,5,3,8.800933190554002,2005,190780.55363160736
2848,3,2,3.54230869579324,1983,172004.8234801016
2937,5,3,9.554132535177661,1980,274084.3168969017
1453,3,2,6.234600636902742,2001,136852.38939825457
1119,4,1,4.929527707918895,1950,123046.09175423144
2373,4,2,6.220799512025091,2004,216774.05762452434
2628,4,2,5.65028546703641,1971,200007.35856520955
2717,4,2,7.828986283815927,1989,200711.04220845242
938,4,1,3.5424645937556702,1950,126695.50084736577
2826,5,3,4.177453524402722,2014,249556.01969004283
1701,5,3,9.046848722799256,2012,198675.40341625208
1489,5,1,9.518108618353649,2003,189641.86486414997
2839,3,2,9.033024047378271,1991,222174.31925593608
809,3,3,4.775031945615822,1970,111279.71237949184
1060,3,1,8.023289527061936,1971,122552.12849575859
2742,3,3,5.287021599709889,1987,205800.94671818992
2473,4,1,5.477858669314919,1957,196628.83204786092
2860,4,2,2.8421209815155555,2011,191687.92255289396
1991,4,3,6.320172729326648,1996,185477.15118514956
2419,2,1,2.6752230797801313,1966,160143.30748615172
1120,5,3,3.984082291604744,1966,168591.92207744825
2142,3,3,8.695271814579417,1962,177763.34584320665
2436,3,3,2.863682282897697,1966,189026.7072804749
2794,4,3,1.6404245665608954,1987,214554.3544792224
2743,3,1,1.6210683335153466,1994,151004.56070733568
2838,3,2,9.46706068452797,1955,232393.2836387786
1918,5,1,5.562283941656512,1984,189815.6958930393
2404,4,1,4.684708646353165,1963,193253.33342250236
1035,5,1,8.297907229071265,2010,147480.62732226617
2769,2,2,8.522433351194644,1964,213960.76730380964
1133,2,3,3.9897192980404412,2003,117946.26694893766
2708,2,3,7.242562517264157,1976,182370.95251159288
1175,4,3,7.940105342666979,1962,156050.3315846519
1960,3,2,6.891856181793591,1980,166453.22481924287
2370,4,3,2.3643556732008943,1984,176649.44580103472
2119,4,2,8.882947751653514,2009,240039.28806206738
2655,3,3,5.851850974624078,1955,224798.49066741375
2172,5,3,3.542251837330033,2018,179358.67828193435
1672,2,1,4.827053668939245,2007,138134.81129318383
2052,5,2,1.3381398135901663,1998,192461.07820141572
2651,2,1,2.150801211001758,1972,142561.01874386877
2114,4,1,7.8899207546427474,1983,189104.35089432105
1524,2,1,1.0001047127982954,1975,105061.61444978388
2852,4,2,4.749092456340629,1996,198328.0690442178
877,5,2,5.702591629770296,1954,134956.21271803492
931,4,3,1.4917097800087507,1969,126152.24475781563
1400,5,1,9.757703466750996,1955,191409.23120504228
2572,3,3,3.0351279812470473,2019,190435.17838184605
1865,3,1,3.7377884767265277,2008,184763.61791065935
2936,3,2,3.735482610295246,2013,177407.91175052492
2663,4,2,3.073749959056149,1967,202062.0004424977
2118,3,2,1.0132643987768026,1953,126581.90719493618
1415,2,1,7.564103146791967,1966,131023.25529641335
2688,5,2,9.701609498193568,1963,232879.4462393924
1846,5,1,3.0186413495654056,1962,165696.36859368545
1374,2,3,6.967424726230802,1956,135733.9129196211
2990,4,1,7.677066942628436,1993,219295.57204274443
1792,4,3,8.635828411814723,1964,176274.77784561392
2992,5,1,4.803662773122483,1968,253905.2063273557
2048,3,3,3.726378150763863,2012,177384.74683075555
1302,4,2,3.92765620620728,1984,109106.35043296058
2797,4,3,7.413591997886615,1984,242079.7760161845
1620,2,2,8.351015198550725,1968,148134.92605738365
2951,2,2,2.6345257098094237,1969,189191.6448555042
2770,3,3,4.338469073419887,1984,219390.66767682642
997,4,1,9.11746177074235,1981,155785.71645940444
2469,4,1,8.260241677252653,1997,196069.0174674529
2002,2,1,9.863725624862283,1993,172772.50331198066
2271,4,1,7.788234337138727,1973,186099.5066446151
2446,5,1,4.5387568092513,2010,209446.71676237046
2492,2,2,6.31574050595174,1966,180794.13512371617
2112,3,1,6.949128288225882,1999,175184.41363665755
2835,2,2,1.7061023468541157,2014,179126.3603191181
1277,4,2,5.900472631934786,1981,141360.57042613396
2054,3,2,7.383887456253486,1985,205189.20237018945
1722,2,3,2.505891736009543,1962,169190.95115156358
1219,5,3,8.025685456830015,2019,177134.8086902872
1920,5,2,6.253955024627005,2007,187970.22842588148
1750,2,3,9.569996071278352,1963,146215.4289430465
2077,5,1,1.3818006838620254,1986,152452.73042213952
2657,5,1,3.3879352379992027,2017,204088.63565320743
1316,5,2,6.413984913698417,1989,147543.9762589307
2458,3,1,3.669039209853376,2008,167396.68460618804
2665,5,2,7.42981747664118,1965,252029.92949404835
1941,5,2,7.831047542697379,2011,199237.09991956412
2732,5,1,1.9226436765982702,1953,197786.3982540204
1614,3,3,5.624690177860909,1994,146610.59248423114
2700,2,1,5.580015000319503,1977,202763.2458731413
2862,4,1,4.3235269319398695,2015,207528.95523987082
2894,5,2,9.396323763127048,1980,243368.6638383724
929,2,2,8.44755687885899,1952,91676.52213465334
894,5,2,7.274884437186731,1957,137357.89347966315
2755,3,2,7.428939721614978,1973,205413.82858141387
1593,2,3,5.1554452943180715,1964,165595.92266184383
2634,3,3,9.288950689869182,1992,253503.23382937518
2916,5,3,7.251358845279569,1980,230027.58680490372
2483,5,2,7.560829554902348,1994,206021.84920629679
810,3,2,8.755218134086107,2015,123131.29614353382
2665,4,2,3.4666443040797192,1957,185542.65308948452
1511,3,3,8.263638134800328,2006,169229.43930930234
2870,5,2,2.7571654266084282,1979,211786.47479675864
1614,3,1,4.1080775702039904,1967,136648.3729593488
1145,4,1,4.020494088428585,2018,138893.87326684743
1162,3,2,9.806729215502266,1988,131470.32342247872
2988,4,1,8.708835013731342,2009,253272.3434058177
1784,4,1,7.310528754312338,1992,158522.85755675903
2439,3,3,7.5435108545385114,1994,239794.7970099242
1627,3,2,6.05865514962314,1972,174657.91524185654
1155,2,2,9.523816003976671,2018,136972.87498158982
2147,5,3,5.466328775941254,1955,184227.89221175565
2663,4,1,4.424659388829051,2005,182950.30724902652
926,2,1,2.467318032384319,1953,91541.01769303955
1403,3,2,8.075850870349523,1972,148773.21285379014
2728,5,1,7.609995388680323,1955,238352.98022968098
1813,2,3,4.459195346717214,1981,182609.41127302067
850,4,3,1.2267407256330642,1967,92277.95954742347
2230,2,2,8.550975949462096,1964,163702.80609093915
2592,4,3,1.1027618510866626,1989,195402.2127734227
2436,3,3,7.333298016661459,1955,219637.88425509175
2445,5,2,9.732313987534514,2012,219504.66559088623
2005,5,3,4.938951953333831,2016,195564.13084805786
2654,5,3,3.114760644963575,1960,233324.45814238273
1366,3,3,7.343839090390436,1992,128226.02787459658
1735,4,1,8.354153278140267,1966,173150.53581228785
2734,3,2,5.917872844700626,1953,194987.81781952135
2132,5,2,9.703317477305315,2012,219678.9362510961
1001,3,2,1.46501849492165,2017,111221.85683336356
916,3,1,5.543160384740753,1990,110327.92954202513
1736,3,1,7.466085525902951,1954,138877.09159783693
1374,4,2,8.76376424034261,1981,154600.1291282109
1336,2,1,2.6133005071701105,2019,127665.39724071755
2425,2,2,8.200031335873133,1984,197084.15008822715
2922,3,1,5.974363681466907,1971,220176.60532110726
1185,2,3,4.568983137909669,2014,125749.34534229398
1274,2,3,2.185435257211842,1971,122363.91730968803
1217,3,2,8.787661830180213,1960,136346.11780184123
1738,3,1,2.415458873617438,1952,117164.61966657566
1754,5,1,3.7880907328818934,1958,168395.91940213018
1675,2,3,3.610409787661932,2009,158112.659094993
1562,4,3,8.842726307717689,1963,163399.4118766388
2002,3,1,7.054326947880082,1967,157932.4625680445
2005,5,1,8.170132574722352,1972,190352.26645014816
1463,4,1,3.254211089132491,1996,157818.4245204022
824,2,1,6.6238668964629905,2018,109066.36630983885
2790,5,1,6.145713848293738,1996,204467.26679348038
2003,3,1,8.495473391094439,1979,173632.62508162967
1509,4,2,9.154783544331345,1974,166435.73638540023
2679,3,1,1.1094109432964814,1977,154098.01137642347
1984,2,3,7.066179271529134,1974,168859.01760422476
1084,4,2,1.4665221920775613,2007,109382.04936629221
862,2,1,5.939727985696203,1990,90874.15207422363
1802,2,3,3.588694561393104,1974,137832.75229623835
1461,5,2,3.760989395699271,1997,175125.85020372842
2292,3,3,4.176626531071209,1959,174427.5859138483
1766,4,1,6.591632041446491,1960,162503.22605173642
1648,2,1,4.006449691018923,1970,123050.77777094368
1907,2,1,7.594291455312524,1994,149646.2045210526
1488,4,1,4.640746470164827,1956,138896.3033363396
947,2,2,1.6151788027896274,2013,89206.1529554146
1141,5,2,8.053838582356965,2013,161315.54081527307
1886,5,3,3.571824921334354,1951,162870.62747522545
2524,5,1,4.894901916393364,1991,201182.6419731772
2183,5,3,7.168994948997113,2003,225199.80287523344
1126,2,2,3.992105414338408,1965,101563.27760099142
2592,4,1,1.5092709053204407,1967,180773.08321562107
2559,4,1,4.365289423115322,2008,197582.00212647195
1789,4,2,9.50003724424873,1965,191211.1131822524
1751,4,2,6.775609575687024,1955,176807.81160364227
1522,3,2,7.043312338004863,2006,150804.302543786
2879,4,2,6.690539382738758,1996,214832.66736731236
1228,3,2,2.7909292506349312,1997,98273.91632305151
2300,3,1,4.765004776920521,1991,187690.32007564796
1085,5,2,7.758458185269864,2009,166996.04764591533
2865,3,1,1.9123560779784323,1953,192352.25065495507
1568,2,1,3.5006749848074104,1951,127671.42784197716
2194,3,2,3.4868719761926825,2008,167011.02012657508
993,5,2,4.888170348350554,1976,123817.70547526951
1787,3,1,9.823318668479665,1976,155860.48219542776
1936,2,2,1.6075229201543975,1956,115597.36465198948
2961,2,2,5.668308949425355,2012,227273.92507538176
2501,2,2,2.614282138109894,1995,161724.23785423723
1746,5,3,9.736088908687698,2012,221503.3305816018
1630,5,1,2.019731542547178,1961,139395.3702570261
2720,4,3,4.632409021254321,1962,203718.42698263525
854,5,2,7.6409648635114555,1992,125189.35235430513
1599,2,3,7.340989852247008,1966,142932.63390641878
1577,2,2,4.8045577320453905,2012,156846.3704038213
2281,5,3,4.118717511574464,1985,185380.43636117515
2701,3,2,4.578511406975835,1957,226893.75935707393
2934,5,3,3.3784863684277537,2018,221283.3204300941
854,5,3,2.847996448361198,1985,135189.23180157467
2623,2,3,5.34735727803001,1977,191908.01697632522
2001,4,1,3.416803804608466,1996,156425.62528514952
1632,2,3,3.587154984075251,1979,116864.4632634992
1112,4,1,6.910804571271013,1972,130378.1281150865
2658,2,2,9.71683598529903,1965,192109.88998100508
2807,5,3,6.432734805034376,1963,212090.01752866028
2806,2,2,1.6928152035846966,2001,182158.05619118523
2590,2,2,1.680252524686603,1986,158469.9160208967
1127,2,3,9.562808987610094,1978,165729.2726799252
2087,5,1,3.6756171127660027,2016,193828.41129022234
2943,5,3,1.828602874742279,1964,246654.49709376294
1911,5,2,6.391401284353434,1996,178393.7628541487
2111,5,2,6.612839004612395,1995,201656.26112503128
1251,4,3,6.836543381068194,2001,116022.65251012516
2323,4,1,3.4066182507178717,1968,170256.0555432885
964,3,1,1.1359961579302753,1970,86857.45601002159
981,5,2,9.685138325090247,2013,162586.4127909778
1709,4,2,3.2580374112199224,1986,151204.66089797454
1622,2,1,7.084236592472927,1976,139620.07153863966
1743,5,3,7.3596688289083865,2004,152149.70463209075
2801,3,2,6.490066753715372,1978,215643.6613098065
2854,3,1,3.816166547922834,1969,200432.43111856477
1129,3,2,3.439866283876592,1974,132619.71245881572
1574,2,3,6.379014544324328,2019,156526.1436107756
2998,4,1,8.794860702505224,2012,237613.24751182756
946,2,2,9.52060356031056,1985,141477.1466350174
1714,5,3,1.9531522396338188,1951,123705.7478291769
2371,3,2,2.3934575133794787,1971,161393.05960749026
2108,2,3,9.502626329047716,1965,176425.98194435792
881,2,3,7.628817055013133,1967,116876.258277596
1313,4,1,8.946944423467958,2018,123704.3299339023
2720,4,3,2.8236937072180885,2003,228713.00346974624
2739,3,2,6.288272839984617,1979,204044.2157046594
1545,2,3,7.310256349757263,1994,156483.23211617031
2209,2,3,7.121006969022754,1968,184701.40322101218
1506,4,1,4.673365217800283,1983,160404.17451215565
1270,2,3,1.1385540252217763,1962,75963.51810299818
1195,2,3,6.246334511238368,1992,130366.49003823902
2355,2,2,3.2779138526164786,2011,183932.2431736553
1604,4,1,5.052288215286013,1971,145591.64437561968
1733,3,1,9.618229135754357,2001,155072.10478169724
2079,5,1,4.591317858781912,2001,172448.23755907276
2557,3,3,8.55821445997984,1985,211746.9422728031
1704,5,1,2.6968654517432604,1968,139168.57681587146
1876,2,3,7.052144482225259,1987,163968.55565511592
2690,3,3,9.793062589950491,2019,256489.0239975275
2323,5,2,1.917037907856431,2006,178874.71805621992
2187,4,2,1.074879480044728,1969,155809.28778603865
2103,4,2,4.902245133693529,1958,183857.93442922234
1392,3,2,1.8336293474623049,1981,115745.8412778534
2906,3,2,7.7354591470860825,1953,200839.51873525718
927,2,3,9.23093797463703,1999,129986.86330649983
1535,3,3,4.90618875437883,1954,143697.57228594026
1320,2,1,3.3284047793989684,1969,118677.19907856714
1036,2,3,4.909629871059488,1986,98865.86338225752
2104,4,3,7.511030360650009,1971,213089.9440445817
2581,4,2,1.0814874542233388,2007,185189.97508961757
2101,5,3,6.305085905362275,2017,190156.30446308645
